[
  {
    "name": "officedev-teamsfx-samples-bot-bot-sso",
    "source": "officeDev",
    "title": "Bot App with SSO Enabled",
    "shortDescription": "A Hello World app of Microsoft Teams Bot app with SSO",
    "url": "https://github.com/OfficeDev/TeamsFx-Samples/tree/dev/bot-sso",
    "longDescription": [
      "This is an extended Hello World app of Microsoft Teams Bot app demonstrating how to integrate with Bot Framework SDK, TeamsFx SDK, and Graph SDK to implement SSO (Single Sign-On) feature that retrieves profile photos for currently signed-in users."
    ],
    "creationDateTime": "2021-10-19",
    "updateDateTime": "2023-10-13",
    "products": [
      "Teams",
      "TeamsToolkit"
    ],
    "metadata": [
      {
        "key": "TEAMS-SAMPLE-SOURCE",
        "value": "OfficeDev"
      },
      {
        "key": "TEAMS-SERVER-LANGUAGE",
        "value": "typescript"
      },
      {
        "key": "TEAMS-FEATURES",
        "value": "bot"
      }
    ],
    "thumbnails": [
      {
        "type": "image",
        "order": 100,
        "url": "https://raw.githubusercontent.com/OfficeDev/TeamsFx-Samples/dev/bot-sso/assets/thumbnail.png",
        "alt": "Bot App with SSO Enabled"
      }
    ],
    "authors": [
      {
        "gitHubAccount": "yukun-dong",
        "pictureUrl": "https://avatars.githubusercontent.com/u/25220706?v=4",
        "name": "yukun-dong"
      }
    ],
    "references": [  
    {
        "name": "Teams developer documentation",
        "url": "https://aka.ms/TeamsPlatformDocs"
      },
      {
        "name": "Teams developer questions",
        "url": "https://aka.ms/TeamsPlatformFeedback"
      },
      {
        "name": "Teams development videos from Microsoft",
        "url": "https://aka.ms/sample-ref-teams-vids-from-microsoft"
      },
      {
        "name": "Teams development videos from the community",
        "url": "https://aka.ms/sample-ref-teams-vids-from-community"
      }
    ]
  }
]